Workbook

Sheet คู่มือ
B2: แบบจำลองการตั้งสำรองหนี้ (Provision Matrix) ตามข้อมูลจริง
B3: Lease Receivables – Expected Credit Loss / Provision Model (TFRS 9 simplified approach)
B5: วิธีใช้งาน
B6: ชีต 1) ข้อมูลลูกหนี้ | C6: วางข้อมูลใบแจ้งหนี้ที่ค้างชำระ (เลขที่/ผู้เช่า/ยอดคงค้าง/วันครบกำหนด) ระบบจัดช่วงอายุอัตโนมัติจาก 'วัน ณ' ที่กำหนด
B7: ชีต 2) คำนวณ Loss Rate | C7: ใส่ข้อมูลย้อนหลัง 3 ปี: ยอดที่เคยเข้าแต่ละช่วงอายุ และยอดที่สูญจริงจากยอดนั้น ระบบคำนวณอัตราสำรองถ่วงน้ำหนัก + ปรับ forward-looking
B8: ชีต 3) Provision Matrix | C8: ดึงยอดหนี้คงค้างจากชีต 1 และอัตราจากชีต 2 มาคำนวณค่าเผื่อฯ ที่ต้องตั้ง พร้อมรายการบัญชี
B10: รหัสสี
B11: สีน้ำเงิน = ช่องกรอกข้อมูล (input) | C11: แก้ได้ ปรับตามข้อมูลจริงของกิจการ
B12: สีเขียว = ลิงก์ข้ามชีต | C12: อย่าแก้มือ
B13: สีเหลือง = สมมติฐานสำคัญ | C13: ทบทวนทุกงวด — โดยเฉพาะ forward-looking factor
B15: คำเตือนภาษี | C15: ค่าเผื่อฯ ที่คำนวณจากไฟล์นี้ 'บวกกลับ' ทางภาษี หักเป็นรายจ่ายไม่ได้ จะหักได้ต่อเมื่อตัดหนี้สูญจริงตามกฎกระทรวง 186
B16: หลักการ TFRS 9 | C16: อัตราสำรองต้องอิง loss rate จริงในอดีตของกิจการ (ชีต 2) ไม่ใช่ตัวเลขลอย และปรับด้วยมุมมองอนาคต (forward-looking)

Sheet 1_ข้อมูลลูกหนี้
B2: ข้อมูลลูกหนี้คงค้าง (วางข้อมูลใบแจ้งหนี้ที่ยังไม่ชำระ)
B3: ระบบคำนวณ 'วันเกินกำหนด' และ 'ช่วงอายุ' ให้อัตโนมัติ
B5: วันที่คำนวณ (As of): | D5: =DATE(2026,7,14) -> 46217 | E5: ← แก้วันที่คำนวณได้
B7: เลขที่ใบแจ้งหนี้ | C7: ผู้เช่า | D7: ยอดคงค้าง (บาท) | E7: วันครบกำหนด | F7: วันเกินกำหนด | G7: ดัชนีช่วง | H7: ช่วงอายุ | J7: ดัชนี | K7: ช่วงอายุ (ตาราง lookup)
B8: C-004-030 | C8: บจก. เอเวอร์กรีน ฟู้ดส์ | D8: 284200 | E8: 2025-12-01 | F8: =IF(E8="","",$D$5-E8) -> 225 | G8: =IF(E8="","",IF(F8<=0,0,IF(F8<=30,1,IF(F8<=60,2,IF(F8<=90,3,IF(F8<=180,4,IF(F8<=365,5,6))))))) -> 5 | H8: =IF(G8="","",INDEX($K$8:$K$14,MATCH(G8,$J$8:$J$14,0))) -> 181–365 วัน | J8: 0 | K8: ยังไม่ครบกำหนด
B9: C-004-031 | C9: บจก. เอเวอร์กรีน ฟู้ดส์ | D9: 284200 | E9: 2026-01-01 | F9: =IF(E9="","",$D$5-E9) -> 194 | G9: =IF(E9="","",IF(F9<=0,0,IF(F9<=30,1,IF(F9<=60,2,IF(F9<=90,3,IF(F9<=180,4,IF(F9<=365,5,6))))))) -> 5 | H9: =IF(G9="","",INDEX($K$8:$K$14,MATCH(G9,$J$8:$J$14,0))) -> 181–365 วัน | J9: 1 | K9: 1–30 วัน
B10: C-004-032 | C10: บจก. เอเวอร์กรีน ฟู้ดส์ | D10: 284200 | E10: 2026-02-01 | F10: =IF(E10="","",$D$5-E10) -> 163 | G10: =IF(E10="","",IF(F10<=0,0,IF(F10<=30,1,IF(F10<=60,2,IF(F10<=90,3,IF(F10<=180,4,IF(F10<=365,5,6))))))) -> 4 | H10: =IF(G10="","",INDEX($K$8:$K$14,MATCH(G10,$J$8:$J$14,0))) -> 91–180 วัน | J10: 2 | K10: 31–60 วัน
B11: C-004-033 | C11: บจก. เอเวอร์กรีน ฟู้ดส์ | D11: 284200 | E11: 2026-03-01 | F11: =IF(E11="","",$D$5-E11) -> 135 | G11: =IF(E11="","",IF(F11<=0,0,IF(F11<=30,1,IF(F11<=60,2,IF(F11<=90,3,IF(F11<=180,4,IF(F11<=365,5,6))))))) -> 4 | H11: =IF(G11="","",INDEX($K$8:$K$14,MATCH(G11,$J$8:$J$14,0))) -> 91–180 วัน | J11: 3 | K11: 61–90 วัน
B12: C-004-034 | C12: บจก. เอเวอร์กรีน ฟู้ดส์ | D12: 284200 | E12: 2026-04-01 | F12: =IF(E12="","",$D$5-E12) -> 104 | G12: =IF(E12="","",IF(F12<=0,0,IF(F12<=30,1,IF(F12<=60,2,IF(F12<=90,3,IF(F12<=180,4,IF(F12<=365,5,6))))))) -> 4 | H12: =IF(G12="","",INDEX($K$8:$K$14,MATCH(G12,$J$8:$J$14,0))) -> 91–180 วัน | J12: 4 | K12: 91–180 วัน
B13: C-004-035 | C13: บจก. เอเวอร์กรีน ฟู้ดส์ | D13: 284200 | E13: 2026-05-01 | F13: =IF(E13="","",$D$5-E13) -> 74 | G13: =IF(E13="","",IF(F13<=0,0,IF(F13<=30,1,IF(F13<=60,2,IF(F13<=90,3,IF(F13<=180,4,IF(F13<=365,5,6))))))) -> 3 | H13: =IF(G13="","",INDEX($K$8:$K$14,MATCH(G13,$J$8:$J$14,0))) -> 61–90 วัน | J13: 5 | K13: 181–365 วัน
B14: C-004-036 | C14: บจก. เอเวอร์กรีน ฟู้ดส์ | D14: 284200 | E14: 2026-06-01 | F14: =IF(E14="","",$D$5-E14) -> 43 | G14: =IF(E14="","",IF(F14<=0,0,IF(F14<=30,1,IF(F14<=60,2,IF(F14<=90,3,IF(F14<=180,4,IF(F14<=365,5,6))))))) -> 2 | H14: =IF(G14="","",INDEX($K$8:$K$14,MATCH(G14,$J$8:$J$14,0))) -> 31–60 วัน | J14: 6 | K14: เกิน 365 วัน
B15: C-003-034 | C15: ร้าน มณีจันทร์ | D15: 53560 | E15: 2026-03-10 | F15: =IF(E15="","",$D$5-E15) -> 126 | G15: =IF(E15="","",IF(F15<=0,0,IF(F15<=30,1,IF(F15<=60,2,IF(F15<=90,3,IF(F15<=180,4,IF(F15<=365,5,6))))))) -> 4 | H15: =IF(G15="","",INDEX($K$8:$K$14,MATCH(G15,$J$8:$J$14,0))) -> 91–180 วัน
B16: C-003-035 | C16: ร้าน มณีจันทร์ | D16: 53560 | E16: 2026-04-10 | F16: =IF(E16="","",$D$5-E16) -> 95 | G16: =IF(E16="","",IF(F16<=0,0,IF(F16<=30,1,IF(F16<=60,2,IF(F16<=90,3,IF(F16<=180,4,IF(F16<=365,5,6))))))) -> 4 | H16: =IF(G16="","",INDEX($K$8:$K$14,MATCH(G16,$J$8:$J$14,0))) -> 91–180 วัน
B17: C-003-036 | C17: ร้าน มณีจันทร์ | D17: 53560 | E17: 2026-05-10 | F17: =IF(E17="","",$D$5-E17) -> 65 | G17: =IF(E17="","",IF(F17<=0,0,IF(F17<=30,1,IF(F17<=60,2,IF(F17<=90,3,IF(F17<=180,4,IF(F17<=365,5,6))))))) -> 3 | H17: =IF(G17="","",INDEX($K$8:$K$14,MATCH(G17,$J$8:$J$14,0))) -> 61–90 วัน
B18: C-003-037 | C18: ร้าน มณีจันทร์ | D18: 53560 | E18: 2026-06-10 | F18: =IF(E18="","",$D$5-E18) -> 34 | G18: =IF(E18="","",IF(F18<=0,0,IF(F18<=30,1,IF(F18<=60,2,IF(F18<=90,3,IF(F18<=180,4,IF(F18<=365,5,6))))))) -> 2 | H18: =IF(G18="","",INDEX($K$8:$K$14,MATCH(G18,$J$8:$J$14,0))) -> 31–60 วัน
B19: C-002-025 | C19: บจก. โฟกัส ลอจิสติกส์ | D19: 91050 | E19: 2026-05-05 | F19: =IF(E19="","",$D$5-E19) -> 70 | G19: =IF(E19="","",IF(F19<=0,0,IF(F19<=30,1,IF(F19<=60,2,IF(F19<=90,3,IF(F19<=180,4,IF(F19<=365,5,6))))))) -> 3 | H19: =IF(G19="","",INDEX($K$8:$K$14,MATCH(G19,$J$8:$J$14,0))) -> 61–90 วัน
B20: C-002-026 | C20: บจก. โฟกัส ลอจิสติกส์ | D20: 91050 | E20: 2026-06-05 | F20: =IF(E20="","",$D$5-E20) -> 39 | G20: =IF(E20="","",IF(F20<=0,0,IF(F20<=30,1,IF(F20<=60,2,IF(F20<=90,3,IF(F20<=180,4,IF(F20<=365,5,6))))))) -> 2 | H20: =IF(G20="","",INDEX($K$8:$K$14,MATCH(G20,$J$8:$J$14,0))) -> 31–60 วัน
B21: C-005-011 | C21: หจก. บ้านสวนค้าไม้ | D21: 35350 | E21: 2026-07-15 | F21: =IF(E21="","",$D$5-E21) -> -1 | G21: =IF(E21="","",IF(F21<=0,0,IF(F21<=30,1,IF(F21<=60,2,IF(F21<=90,3,IF(F21<=180,4,IF(F21<=365,5,6))))))) -> 0 | H21: =IF(G21="","",INDEX($K$8:$K$14,MATCH(G21,$J$8:$J$14,0))) -> ยังไม่ครบกำหนด
F22: =IF(E22="","",$D$5-E22) | G22: =IF(E22="","",IF(F22<=0,0,IF(F22<=30,1,IF(F22<=60,2,IF(F22<=90,3,IF(F22<=180,4,IF(F22<=365,5,6))))))) | H22: =IF(G22="","",INDEX($K$8:$K$14,MATCH(G22,$J$8:$J$14,0)))
F23: =IF(E23="","",$D$5-E23) | G23: =IF(E23="","",IF(F23<=0,0,IF(F23<=30,1,IF(F23<=60,2,IF(F23<=90,3,IF(F23<=180,4,IF(F23<=365,5,6))))))) | H23: =IF(G23="","",INDEX($K$8:$K$14,MATCH(G23,$J$8:$J$14,0)))
F24: =IF(E24="","",$D$5-E24) | G24: =IF(E24="","",IF(F24<=0,0,IF(F24<=30,1,IF(F24<=60,2,IF(F24<=90,3,IF(F24<=180,4,IF(F24<=365,5,6))))))) | H24: =IF(G24="","",INDEX($K$8:$K$14,MATCH(G24,$J$8:$J$14,0)))
F25: =IF(E25="","",$D$5-E25) | G25: =IF(E25="","",IF(F25<=0,0,IF(F25<=30,1,IF(F25<=60,2,IF(F25<=90,3,IF(F25<=180,4,IF(F25<=365,5,6))))))) | H25: =IF(G25="","",INDEX($K$8:$K$14,MATCH(G25,$J$8:$J$14,0)))
F26: =IF(E26="","",$D$5-E26) | G26: =IF(E26="","",IF(F26<=0,0,IF(F26<=30,1,IF(F26<=60,2,IF(F26<=90,3,IF(F26<=180,4,IF(F26<=365,5,6))))))) | H26: =IF(G26="","",INDEX($K$8:$K$14,MATCH(G26,$J$8:$J$14,0)))
F27: =IF(E27="","",$D$5-E27) | G27: =IF(E27="","",IF(F27<=0,0,IF(F27<=30,1,IF(F27<=60,2,IF(F27<=90,3,IF(F27<=180,4,IF(F27<=365,5,6))))))) | H27: =IF(G27="","",INDEX($K$8:$K$14,MATCH(G27,$J$8:$J$14,0)))
F28: =IF(E28="","",$D$5-E28) | G28: =IF(E28="","",IF(F28<=0,0,IF(F28<=30,1,IF(F28<=60,2,IF(F28<=90,3,IF(F28<=180,4,IF(F28<=365,5,6))))))) | H28: =IF(G28="","",INDEX($K$8:$K$14,MATCH(G28,$J$8:$J$14,0)))
F29: =IF(E29="","",$D$5-E29) | G29: =IF(E29="","",IF(F29<=0,0,IF(F29<=30,1,IF(F29<=60,2,IF(F29<=90,3,IF(F29<=180,4,IF(F29<=365,5,6))))))) | H29: =IF(G29="","",INDEX($K$8:$K$14,MATCH(G29,$J$8:$J$14,0)))
F30: =IF(E30="","",$D$5-E30) | G30: =IF(E30="","",IF(F30<=0,0,IF(F30<=30,1,IF(F30<=60,2,IF(F30<=90,3,IF(F30<=180,4,IF(F30<=365,5,6))))))) | H30: =IF(G30="","",INDEX($K$8:$K$14,MATCH(G30,$J$8:$J$14,0)))
F31: =IF(E31="","",$D$5-E31) | G31: =IF(E31="","",IF(F31<=0,0,IF(F31<=30,1,IF(F31<=60,2,IF(F31<=90,3,IF(F31<=180,4,IF(F31<=365,5,6))))))) | H31: =IF(G31="","",INDEX($K$8:$K$14,MATCH(G31,$J$8:$J$14,0)))

Sheet 2_คำนวณ Loss Rate
B2: การคำนวณอัตราสำรองจากข้อมูลจริง (Historical Loss Rate)
B3: ใส่ข้อมูล 3 ปีย้อนหลัง: 'ฐาน' = ยอดหนี้ที่เคยผ่านช่วงอายุนั้น · 'สูญจริง' = ยอดที่สุดท้ายเก็บไม่ได้จากฐานนั้น
B4: อัตราสำรอง = สูญจริงรวม 3 ปี ÷ ฐานรวม 3 ปี (ถ่วงน้ำหนัก) แล้วปรับด้วย Forward-looking factor
B6: Forward-looking factor: | E6: 1.1 | F6: ← >1 เมื่อคาดเศรษฐกิจแย่ลง (เช่น 1.10 = +10%), =1 เมื่อคงที่
B8: ช่วงอายุ | C8: ปี 1: ฐาน | D8: ปี 1: สูญจริง | E8: ปี 2: ฐาน | F8: ปี 2: สูญจริง | G8: ปี 3: ฐาน | H8: ปี 3: สูญจริง | I8: Loss rate ถ่วงน้ำหนัก | J8: อัตราสุดท้าย (×FL)
B9: ยังไม่ครบกำหนด | C9: 22000000 | D9: 99000 | E9: 20000000 | F9: 105000 | G9: 24000000 | H9: 108000 | I9: =IFERROR((D9+F9+H9)/(C9+E9+G9),0) -> 0.0047272727 | J9: =MIN(I9*$E$6,1) -> 0.0052
B10: 1–30 วัน | C10: 5200000 | D10: 100000 | E10: 4800000 | F10: 99000 | G10: 5500000 | H10: 112000 | I10: =IFERROR((D10+F10+H10)/(C10+E10+G10),0) -> 0.020064516 | J10: =MIN(I10*$E$6,1) -> 0.022070968
B11: 31–60 วัน | C11: 3100000 | D11: 150000 | E11: 2900000 | F11: 148000 | G11: 3300000 | H11: 165000 | I11: =IFERROR((D11+F11+H11)/(C11+E11+G11),0) -> 0.049784946 | J11: =MIN(I11*$E$6,1) -> 0.054763441
B12: 61–90 วัน | C12: 2050000 | D12: 200000 | E12: 1950000 | F12: 198000 | G12: 2100000 | H12: 215000 | I12: =IFERROR((D12+F12+H12)/(C12+E12+G12),0) -> 0.1004918 | J12: =MIN(I12*$E$6,1) -> 0.11054098
B13: 91–180 วัน | C13: 1500000 | D13: 440000 | E13: 1400000 | F13: 430000 | G13: 1600000 | H13: 490000 | I13: =IFERROR((D13+F13+H13)/(C13+E13+G13),0) -> 0.30222222 | J13: =MIN(I13*$E$6,1) -> 0.33244444
B14: 181–365 วัน | C14: 1000000 | D14: 590000 | E14: 950000 | F14: 580000 | G14: 1050000 | H14: 640000 | I14: =IFERROR((D14+F14+H14)/(C14+E14+G14),0) -> 0.60333333 | J14: =MIN(I14*$E$6,1) -> 0.66366667
B15: เกิน 365 วัน | C15: 820000 | D15: 820000 | E15: 780000 | F15: 780000 | G15: 900000 | H15: 900000 | I15: =IFERROR((D15+F15+H15)/(C15+E15+G15),0) -> 1 | J15: =MIN(I15*$E$6,1) -> 1
B16: หมายเหตุ: ค่า >365 วัน ตั้ง 100% เสมอ (ถือว่าสูญทั้งจำนวน) · ตัวเลขตัวอย่างต้องแทนที่ด้วยข้อมูลจริงจากระบบบัญชี

Sheet 3_Provision Matrix
B2: ตารางตั้งสำรอง (Provision Matrix) — ผลลัพธ์
B3: ยอดหนี้ดึงจากชีต 'ข้อมูลลูกหนี้' · อัตราดึงจากชีต 'คำนวณ Loss Rate' อัตโนมัติ
B6: ช่วงอายุหนี้ | C6: ยอดหนี้คงค้าง | D6: อัตราสำรอง | E6: ค่าเผื่อที่ต้องตั้ง
B7: ยังไม่ครบกำหนด | C7: =SUMIFS('1_ข้อมูลลูกหนี้'!$D$8:$D$31,'1_ข้อมูลลูกหนี้'!$G$8:$G$31,0) -> 35350 | D7: ='2_คำนวณ Loss Rate'!$J$9 -> 0.0052 | E7: =C7*D7 -> 183.82
B8: 1–30 วัน | C8: =SUMIFS('1_ข้อมูลลูกหนี้'!$D$8:$D$31,'1_ข้อมูลลูกหนี้'!$G$8:$G$31,1) -> 0 | D8: ='2_คำนวณ Loss Rate'!$J$10 -> 0.022070968 | E8: =C8*D8 -> 0
B9: 31–60 วัน | C9: =SUMIFS('1_ข้อมูลลูกหนี้'!$D$8:$D$31,'1_ข้อมูลลูกหนี้'!$G$8:$G$31,2) -> 428810 | D9: ='2_คำนวณ Loss Rate'!$J$11 -> 0.054763441 | E9: =C9*D9 -> 23483.111
B10: 61–90 วัน | C10: =SUMIFS('1_ข้อมูลลูกหนี้'!$D$8:$D$31,'1_ข้อมูลลูกหนี้'!$G$8:$G$31,3) -> 428810 | D10: ='2_คำนวณ Loss Rate'!$J$12 -> 0.11054098 | E10: =C10*D10 -> 47401.079
B11: 91–180 วัน | C11: =SUMIFS('1_ข้อมูลลูกหนี้'!$D$8:$D$31,'1_ข้อมูลลูกหนี้'!$G$8:$G$31,4) -> 959720 | D11: ='2_คำนวณ Loss Rate'!$J$13 -> 0.33244444 | E11: =C11*D11 -> 319053.58
B12: 181–365 วัน | C12: =SUMIFS('1_ข้อมูลลูกหนี้'!$D$8:$D$31,'1_ข้อมูลลูกหนี้'!$G$8:$G$31,5) -> 568400 | D12: ='2_คำนวณ Loss Rate'!$J$14 -> 0.66366667 | E12: =C12*D12 -> 377228.13
B13: เกิน 365 วัน | C13: =SUMIFS('1_ข้อมูลลูกหนี้'!$D$8:$D$31,'1_ข้อมูลลูกหนี้'!$G$8:$G$31,6) -> 0 | D13: ='2_คำนวณ Loss Rate'!$J$15 -> 1 | E13: =C13*D13 -> 0
B14: รวม | C14: =SUM(C7:C13) -> 2421090 | E14: =SUM(E7:E13) -> 767349.73
B16: อัตราส่วนค่าเผื่อ / ลูกหนี้รวม (Coverage): | E16: =IFERROR(E14/C14,0) -> 0.31694391
B19: รายการบัญชีเมื่อตั้งค่าเผื่อ (สิ้นงวด)
B20: เดบิต หนี้สงสัยจะสูญ (5310) | E20: =E14 -> 767349.73
B21: เครดิต ค่าเผื่อผลขาดทุนด้านเครดิต (1139) | E21: =E14 -> 767349.73
B23: ⚠ ภาษี: จำนวนนี้ต้องบวกกลับในการคำนวณภาษีเงินได้ (หักภาษีไม่ได้) จะหักได้เมื่อตัดหนี้สูญจริงตามกฎกระทรวง 186
